Workbook

Sheet Summary
A1: KU ScamGuard Dataset v3 — 2,999 แถว (แบ่งชุดแบบ Group-aware 70/15/15)
A3: ชุดข้อมูล | B3: จำนวนแถว | C3: สัดส่วน | D3: scam | E3: suspicious | F3: normal | G3: scam % | H3: suspicious % | I3: normal % | J3: เดิม | K3: ใหม่-รอบ1 | L3: ใหม่-v5 | M3: ใหม่-รอบ2
A4: Train | B4: =COUNTA(Train!A:A)-1 -> 2080 | C4: =B4/$B$7 -> 0.69356452 | D4: =COUNTIF(Train!C:C,"scam") -> 695 | E4: =COUNTIF(Train!C:C,"suspicious") -> 689 | F4: =COUNTIF(Train!C:C,"normal") -> 696 | G4: =D4/B4 -> 0.33413462 | H4: =E4/B4 -> 0.33125 | I4: =F4/B4 -> 0.33461538 | J4: =COUNTIF(Train!H:H,"เดิม") -> 980 | K4: =COUNTIF(Train!H:H,"ใหม่-รอบ1") -> 264 | L4: =COUNTIF(Train!H:H,"ใหม่-v5") -> 434 | M4: =COUNTIF(Train!H:H,"ใหม่-รอบ2") -> 402
A5: Validation | B5: =COUNTA(Validation!A:A)-1 -> 460 | C5: =B5/$B$7 -> 0.15338446 | D5: =COUNTIF(Validation!C:C,"scam") -> 151 | E5: =COUNTIF(Validation!C:C,"suspicious") -> 157 | F5: =COUNTIF(Validation!C:C,"normal") -> 152 | G5: =D5/B5 -> 0.32826087 | H5: =E5/B5 -> 0.34130435 | I5: =F5/B5 -> 0.33043478 | J5: =COUNTIF(Validation!H:H,"เดิม") -> 227 | K5: =COUNTIF(Validation!H:H,"ใหม่-รอบ1") -> 56 | L5: =COUNTIF(Validation!H:H,"ใหม่-v5") -> 80 | M5: =COUNTIF(Validation!H:H,"ใหม่-รอบ2") -> 97
A6: Test | B6: =COUNTA(Test!A:A)-1 -> 459 | C6: =B6/$B$7 -> 0.15305102 | D6: =COUNTIF(Test!C:C,"scam") -> 154 | E6: =COUNTIF(Test!C:C,"suspicious") -> 154 | F6: =COUNTIF(Test!C:C,"normal") -> 151 | G6: =D6/B6 -> 0.33551198 | H6: =E6/B6 -> 0.33551198 | I6: =F6/B6 -> 0.32897603 | J6: =COUNTIF(Test!H:H,"เดิม") -> 225 | K6: =COUNTIF(Test!H:H,"ใหม่-รอบ1") -> 60 | L6: =COUNTIF(Test!H:H,"ใหม่-v5") -> 85 | M6: =COUNTIF(Test!H:H,"ใหม่-รอบ2") -> 89
A7: รวม | B7: =SUM(B4:B6) -> 2999 | C7: =B7/$B$7 -> 1 | D7: =SUM(D4:D6) -> 1000 | E7: =SUM(E4:E6) -> 1000 | F7: =SUM(F4:F6) -> 999 | G7: =D7/B7 -> 0.33344448 | H7: =E7/B7 -> 0.33344448 | I7: =F7/B7 -> 0.33311104 | J7: =SUM(J4:J6) -> 1432 | K7: =SUM(K4:K6) -> 380 | L7: =SUM(L4:L6) -> 599 | M7: =SUM(M4:M6) -> 588
A9: จำนวนแยกตามหมวด × label × ชุด
A10: category | B10: label | C10: Train | D10: Validation | E10: Test | F10: รวม
A11: delivery | B11: scam | C11: =COUNTIFS(Train!D:D,A11,Train!C:C,B11) -> 50 | D11: =COUNTIFS(Validation!D:D,A11,Validation!C:C,B11) -> 10 | E11: =COUNTIFS(Test!D:D,A11,Test!C:C,B11) -> 10 | F11: =SUM(C11:E11) -> 70
A12: delivery | B12: suspicious | C12: =COUNTIFS(Train!D:D,A12,Train!C:C,B12) -> 49 | D12: =COUNTIFS(Validation!D:D,A12,Validation!C:C,B12) -> 11 | E12: =COUNTIFS(Test!D:D,A12,Test!C:C,B12) -> 10 | F12: =SUM(C12:E12) -> 70
A13: fake_scholarship | B13: scam | C13: =COUNTIFS(Train!D:D,A13,Train!C:C,B13) -> 74 | D13: =COUNTIFS(Validation!D:D,A13,Validation!C:C,B13) -> 18 | E13: =COUNTIFS(Test!D:D,A13,Test!C:C,B13) -> 17 | F13: =SUM(C13:E13) -> 109
A14: fake_scholarship | B14: suspicious | C14: =COUNTIFS(Train!D:D,A14,Train!C:C,B14) -> 56 | D14: =COUNTIFS(Validation!D:D,A14,Validation!C:C,B14) -> 12 | E14: =COUNTIFS(Test!D:D,A14,Test!C:C,B14) -> 12 | F14: =SUM(C14:E14) -> 80
A15: impersonation | B15: scam | C15: =COUNTIFS(Train!D:D,A15,Train!C:C,B15) -> 66 | D15: =COUNTIFS(Validation!D:D,A15,Validation!C:C,B15) -> 14 | E15: =COUNTIFS(Test!D:D,A15,Test!C:C,B15) -> 15 | F15: =SUM(C15:E15) -> 95
A16: impersonation | B16: suspicious | C16: =COUNTIFS(Train!D:D,A16,Train!C:C,B16) -> 80 | D16: =COUNTIFS(Validation!D:D,A16,Validation!C:C,B16) -> 18 | E16: =COUNTIFS(Test!D:D,A16,Test!C:C,B16) -> 18 | F16: =SUM(C16:E16) -> 116
A17: job | B17: scam | C17: =COUNTIFS(Train!D:D,A17,Train!C:C,B17) -> 94 | D17: =COUNTIFS(Validation!D:D,A17,Validation!C:C,B17) -> 20 | E17: =COUNTIFS(Test!D:D,A17,Test!C:C,B17) -> 21 | F17: =SUM(C17:E17) -> 135
A18: job | B18: suspicious | C18: =COUNTIFS(Train!D:D,A18,Train!C:C,B18) -> 64 | D18: =COUNTIFS(Validation!D:D,A18,Validation!C:C,B18) -> 14 | E18: =COUNTIFS(Test!D:D,A18,Test!C:C,B18) -> 14 | F18: =SUM(C18:E18) -> 92
A19: marketplace | B19: scam | C19: =COUNTIFS(Train!D:D,A19,Train!C:C,B19) -> 111 | D19: =COUNTIFS(Validation!D:D,A19,Validation!C:C,B19) -> 24 | E19: =COUNTIFS(Test!D:D,A19,Test!C:C,B19) -> 24 | F19: =SUM(C19:E19) -> 159
A20: marketplace | B20: suspicious | C20: =COUNTIFS(Train!D:D,A20,Train!C:C,B20) -> 164 | D20: =COUNTIFS(Validation!D:D,A20,Validation!C:C,B20) -> 36 | E20: =COUNTIFS(Test!D:D,A20,Test!C:C,B20) -> 36 | F20: =SUM(C20:E20) -> 236
A21: none | B21: normal | C21: =COUNTIFS(Train!D:D,A21,Train!C:C,B21) -> 696 | D21: =COUNTIFS(Validation!D:D,A21,Validation!C:C,B21) -> 152 | E21: =COUNTIFS(Test!D:D,A21,Test!C:C,B21) -> 151 | F21: =SUM(C21:E21) -> 999
A22: otp | B22: scam | C22: =COUNTIFS(Train!D:D,A22,Train!C:C,B22) -> 65 | D22: =COUNTIFS(Validation!D:D,A22,Validation!C:C,B22) -> 15 | E22: =COUNTIFS(Test!D:D,A22,Test!C:C,B22) -> 16 | F22: =SUM(C22:E22) -> 96
... A29: tu | B29: suspicious | C29: =COUNTIFS(Train!D:D,A29,Train!C:C,B29) -> 85 | D29: =COUNTIFS(Validation!D:D,A29,Validation!C:C,B29) -> 19 | E29: =COUNTIFS(Test!D:D,A29,Test!C:C,B29) -> 18 | F29: =SUM(C29:E29) -> 122
A30: รวม | C30: =SUM(C11:C29) -> 2080 | D30: =SUM(D11:D29) -> 460 | E30: =SUM(E11:E29) -> 459 | F30: =SUM(F11:F29) -> 2999
A32: ที่มาของข้อมูล และการตรวจสอบ
A33: รายการ | B33: ผล | C33: รายละเอียด
A34: ข้อมูลเดิม (ลดซ้ำแล้ว) | B34: — | C34: 1,432 แถว จาก tu_scam_dataset 2,892 แถว (เก็บไม่เกิน 2 แถวต่อประโยค)
A35: ใหม่-รอบ1 (สีเขียว) | B35: — | C35: 380 แถว id 3000–3379
A36: ใหม่-v5 (สีฟ้า) | B36: — | C36: 599 แถว id 3380–3978 จากไฟล์ v5 ของทีม (ตัด 1 แถวที่คล้ายข้อมูลเดิม 0.80)
A37: ใหม่-รอบ2 (สีเหลือง) | B37: — | C37: 588 แถว id 3979–4566
A38: ข้อมูลใหม่ไม่ซ้ำข้อมูลเดิม | B38: ผ่าน | C38: ไม่มีประโยคซ้ำ และความคล้ายสูงสุดกับข้อมูลที่มีอยู่ < 0.80
A39: อีโมจิสมดุลทุก label | B39: ผ่าน | C39: ทุก label มีอีโมจิ 45% และคำลงท้าย (ทัก DM, pls ฯลฯ) 20% — เติมเฉพาะในข้อมูลใหม่ ดูข้อความก่อนเติมในคอลัมน์ base_text
A40: ไม่มีกลุ่มประโยคข้ามชุด | B40: ผ่าน | C40: group_key และ cluster_id (คล้ายกัน ≥ 0.75) อยู่ชุดเดียวกันทั้งหมด
A41: ความคล้ายสูงสุด Val/Test เทียบ Train | B41: ผ่าน | C41: ≤ 0.75
A42: ทุกช่อง (หมวด × label) ใน Val/Test | B42: ผ่าน | C42: อย่างน้อย 10 แถวต่อช่อง
A43: Baseline TF-IDF + LR (Test, Macro F1) | B43: อ้างอิง | C43: label = 0.961, category = 0.901 — WangchanBERTa ควรชนะค่านี้
A46: หมายเหตุ
A47: • อัตราส่วน 70/15/15, random seed = 42, รักษาสัดส่วนทุกช่อง (หมวด × label × เดิม/ใหม่)
A48: • group_key = clean_text ที่ตัดอีโมจิ คำลงท้าย ตัวเลข และ mask token ออก ใช้จัดกลุ่มเท่านั้น
A49: • cluster_id = กลุ่มประโยคที่คล้ายกัน ≥ 0.75 ใช้เป็นหน่วยในการแบ่งชุด
A50: • ข้อมูลใหม่ทั้งหมด (1,567 แถว) เขียนโดย AI ควรให้ทีมตรวจภาษาและ label ในชีต ข้อมูลใหม่ ก่อนใช้งาน

Sheet ข้อมูลใหม่
A1: id | B1: source | C1: category | D1: label | E1: text | F1: base_text | G1: noise | H1: split | I1: purpose
A2: 3000 | B2: ใหม่-รอบ1 | C2: delivery | D2: suspicious | E2: ได้ SMS ว่าพัสดุตกค้าง ให้กดลิงก์จ่ายค่าส่งเพิ่ม แต่ช่วงนี้ไม่ได้สั่งอะไรเลย ใครเจอบ้าง | F2: ได้ SMS ว่าพัสดุตกค้าง ให้กดลิงก์จ่ายค่าส่งเพิ่ม แต่ช่วงนี้ไม่ได้สั่งอะไรเลย ใครเจอบ้าง | G2: - | H2: Train | I2: เติมช่องว่าง: delivery–suspicious
A3: 3001 | B3: ใหม่-รอบ1 | C3: delivery | D3: suspicious | E3: มีคนโทรมาบอกว่าเป็นขนส่ง ของเราติดศุลกากร 🤔 ต้องจ่ายภาษีก่อน ของจริงไหมนะ | F3: มีคนโทรมาบอกว่าเป็นขนส่ง ของเราติดศุลกากร 🤔 ต้องจ่ายภาษีก่อน ของจริงไหมนะ | G3: - | H3: Validation | I3: เติมช่องว่าง: delivery–suspicious
A4: 3002 | B4: ใหม่-รอบ1 | C4: delivery | D4: suspicious | E4: ไรเดอร์ทักไลน์มาขอให้โอนค่าส่งเพิ่ม 40 บาท ปกติต้องจ่ายแบบนี้เหรอ | F4: ไรเดอร์ทักไลน์มาขอให้โอนค่าส่งเพิ่ม 40 บาท ปกติต้องจ่ายแบบนี้เหรอ | G4: - | H4: Train | I4: เติมช่องว่าง: delivery–suspicious
A5: 3003 | B5: ใหม่-รอบ1 | C5: delivery | D5: suspicious | E5: ได้ข้อความจากเบอร์แปลกๆ บอกว่าที่อยู่จัดส่งไม่ครบ ให้กรอกใหม่ มีใครได้เหมือนกันไหม | F5: ได้ข้อความจากเบอร์แปลกๆ บอกว่าที่อยู่จัดส่งไม่ครบ ให้กรอกใหม่ มีใครได้เหมือนกันไหม | G5: - | H5: Train | I5: เติมช่องว่าง: delivery–suspicious
A6: 3004 | B6: ใหม่-รอบ1 | C6: delivery | D6: suspicious | E6: ใครเคยได้ SMS แบบนี้บ้าง ลิงก์ parcel-check.example.invalid/track ⚠️ อย่าเพิ่งกดนะ | F6: ใครเคยได้ SMS แบบนี้บ้าง ลิงก์ parcel-check.example.invalid/track ⚠️ อย่าเพิ่งกดนะ | G6: - | H6: Train | I6: เติมช่องว่าง: delivery–suspicious
A7: 3005 | B7: ใหม่-รอบ1 | C7: delivery | D7: suspicious | E7: แอปขนส่งไม่มีแจ้งเตือนอะไรเลย แต่มี SMS มาบอกว่าพัสดุถูกตีกลับ แปลกๆ | F7: แอปขนส่งไม่มีแจ้งเตือนอะไรเลย แต่มี SMS มาบอกว่าพัสดุถูกตีกลับ แปลกๆ | G7: - | H7: Train | I7: เติมช่องว่าง: delivery–suspicious
A8: 3006 | B8: ใหม่-รอบ1 | C8: delivery | D8: suspicious | E8: มีคนอ้างเป็นพนักงานส่งของ ขอรหัสที่เด้งเข้ามือถือเพื่อยืนยันการรับของ ควรให้ไหม | F8: มีคนอ้างเป็นพนักงานส่งของ ขอรหัสที่เด้งเข้ามือถือเพื่อยืนยันการรับของ ควรให้ไหม | G8: - | H8: Train | I8: เติมช่องว่าง: delivery–suspicious
A9: 3007 | B9: ใหม่-รอบ1 | C9: delivery | D9: suspicious | E9: เพื่อนบอกว่าได้ SMS ให้จ่ายค่าเก็บพัสดุ 25 บาท แต่ชื่อผู้ส่งเป็นเบอร์มือถือธรรมดา | F9: เพื่อนบอกว่าได้ SMS ให้จ่ายค่าเก็บพัสดุ 25 บาท แต่ชื่อผู้ส่งเป็นเบอร์มือถือธรรมดา | G9: - | H9: Train | I9: เติมช่องว่าง: delivery–suspicious
A10: 3008 | B10: ใหม่-รอบ1 | C10: delivery | D10: suspicious | E10: ได้อีเมลแจ้งพัสดุส่งไม่สำเร็จ 📦 แต่เราไม่ได้รอของอะไร ลิงก์ก็ดูแปลกๆ | F10: ได้อีเมลแจ้งพัสดุส่งไม่สำเร็จ 📦 แต่เราไม่ได้รอของอะไร ลิงก์ก็ดูแปลกๆ | G10: - | H10: Train | I10: เติมช่องว่าง: delivery–suspicious
A11: 3009 | B11: ใหม่-รอบ1 | C11: delivery | D11: suspicious | E11: มีคนแจ้งว่าของจากต่างประเทศติดภาษี ต้องโอนเข้าบัญชีส่วนตัว ไม่ใช่บัญชีบริษัท แบบนี้ปกติไหม | F11: มีคนแจ้งว่าของจากต่างประเทศติดภาษี ต้องโอนเข้าบัญชีส่วนตัว ไม่ใช่บัญชีบริษัท แบบนี้ปกติไหม | G11: - | H11: Train | I11: เติมช่องว่าง: delivery–suspicious
A12: 3010 | B12: ใหม่-รอบ1 | C12: delivery | D12: suspicious | E12: SMS บอกให้ชำระค่าส่ง 1 บาทเพื่อยืนยันตัวตน งงมาก ใครรู้บ้าง | F12: SMS บอกให้ชำระค่าส่ง 1 บาทเพื่อยืนยันตัวตน งงมาก ใครรู้บ้าง | G12: - | H12: Train | I12: เติมช่องว่าง: delivery–suspicious
A13: 3011 | B13: ใหม่-รอบ1 | C13: delivery | D13: suspicious | E13: ได้แชทจากไลน์ที่ชื่อเหมือนบริษัทขนส่ง แต่ไม่มีโล่ยืนยัน ขอเลขบัตรประชาชนด้วย | F13: ได้แชทจากไลน์ที่ชื่อเหมือนบริษัทขนส่ง แต่ไม่มีโล่ยืนยัน ขอเลขบัตรประชาชนด้วย | G13: - | H13: Train | I13: เติมช่องว่าง: delivery–suspicious
... A1568: 4566 | B1568: ใหม่-รอบ2 | C1568: none | D1568: normal | E1568: ร้านหนังสือในมอลดราคา 20% ทั้งร้านถึงสิ้นเดือน 🥺 | F1568: ร้านหนังสือในมอลดราคา 20% ทั้งร้านถึงสิ้นเดือน | G1568: เพิ่มอีโมจิ | H1568: Test | I1568: ข้อความปกติทั่วไป

Sheet Train
A1: id | B1: text | C1: label | D1: category | E1: clean_text | F1: group_key | G1: cluster_id | H1: source
A2: 1 | B2: Microsoft 365 ของนักศึกษาจะหมดอายุ อัปเดตข้อมูลที่ reg-tu.example.invalid/login now line: @fakeid | C2: scam | D2: phishing | E2: Microsoft 365 ของนักศึกษาจะหมดอายุ อัปเดตข้อมูลที่ [URL] now [LINE_ID] | F2: Microsoft # ของนักศึกษาจะหมดอายุ อัปเดตข้อมูลที่ <M> | G2: 0 | H2: เดิม
A3: 3 | B3: ทุนเรียนฟรีตลอดหลักสูตร ต้องจ่ายค่ารักษาสิทธิ์ 500 บาทต่อเดือน 🥺 | C3: scam | D3: fake_scholarship | E3: ทุนเรียนฟรีตลอดหลักสูตร ต้องจ่ายค่ารักษาสิทธิ์ 500 บาทต่อเดือน 🥺 | F3: ทุนเรียนฟรีตลอดหลักสูตร ต้องจ่ายค่ารักษาสิทธิ์ # บาทต่อเดือน | G3: 2 | H3: เดิม
A4: 4 | B4: ได้ SMS บอกว่าบัญชีมีปัญหา ให้กดลิงก์ ปกติมหาลัยส่งแบบนี้ไหม 👍⚠️ | C4: suspicious | D4: phishing | E4: ได้ SMS บอกว่าบัญชีมีปัญหา ให้กดลิงก์ ปกติมหาลัยส่งแบบนี้ไหม 👍⚠️ | F4: ได้ SMS บอกว่าบัญชีมีปัญหา ให้กดลิงก์ ปกติมหาลัยส่งแบบนี้ไหม | G4: 3 | H4: เดิม
A5: 5 | B5: ขอแนวข้อสอบ MA211 น่อยคับ | C5: normal | D5: none | E5: ขอแนวข้อสอบ MA211 น่อยคับ | F5: ขอแนวข้อสอบ MA# น่อยคับ | G5: 4 | H5: เดิม
A6: 6 | B6: ผู้ได้รับทุนแลกเปลี่ยนต่างประเทศต้องเปิดบัญชีใหม่ผ่านแอดมิน และโอนค่าเปิดบัญชี 500 บาท DM me inbox ได้ | C6: scam | D6: fake_scholarship | E6: ผู้ได้รับทุนแลกเปลี่ยนต่างประเทศต้องเปิดบัญชีใหม่ผ่านแอดมิน และโอนค่าเปิดบัญชี 500 บาท DM me inbox ได้ | F6: ผู้ได้รับทุนแลกเปลี่ยนต่างประเทศต้องเปิดบัญชีใหม่ผ่านแอดมิน และโอนค่าเปิดบัญชี # บาท | G6: 5 | H6: เดิม
A7: 7 | B7: สมัครงานดูคลิปแล้วแคปหน้าจอ วันนี้ รับโบนัสแรกเข้า 3,500 บาท แค่ส่ง OTP ยืนยันตัวตน ✅📌 | C7: scam | D7: job | E7: สมัครงานดูคลิปแล้วแคปหน้าจอ วันนี้ รับโบนัสแรกเข้า 3,500 บาท แค่ส่ง OTP ยืนยันตัวตน ✅📌 | F7: สมัครงานดูคลิปแล้วแคปหน้าจอ วันนี้ รับโบนัสแรกเข้า # บาท แค่ส่ง OTP ยืนยันตัวตน | G7: 6 | H7: เดิม
A8: 8 | B8: หาคนช่วยงานอีเวนต์ในมอ มีรายละเอียดงานและสถานที่ชัดเจน pls ทัก DM | C8: normal | D8: none | E8: หาคนช่วยงานอีเวนต์ในมอ มีรายละเอียดงานและสถานที่ชัดเจน pls ทัก DM | F8: หาคนช่วยงานอีเวนต์ในมอ มีรายละเอียดงานและสถานที่ชัดเจน | G8: 7 | H8: เดิม
A9: 9 | B9: อาจารย์ส่ง link zoom ใน classroom แล้วนะ 💬 | C9: normal | D9: none | E9: อาจารย์ส่ง link zoom ใน classroom แล้วนะ 💬 | F9: อาจารย์ส่ง link zoom ใน classroom แล้วนะ | G9: 8 | H9: เดิม
A10: 10 | B10: คนขายชุดนักศึกษาขอให้โอนก่อนนนน บอกว่าไม่สะดวกนัดรับ | C10: suspicious | D10: marketplace | E10: คนขายชุดนักศึกษาขอให้โอนก่อนนนน บอกว่าไม่สะดวกนัดรับ | F10: คนขายชุดนักศึกษาขอให้โอนก่อน บอกว่าไม่สะดวกนัดรับ | G10: 9 | H10: เดิม
A11: 11 | B11: ประกาศจากคณะให้กรอกแบบประเมินรายวิชาในระบบทางการ 📌🚨 ทัก DM | C11: normal | D11: none | E11: ประกาศจากคณะให้กรอกแบบประเมินรายวิชาในระบบทางการ 📌🚨 ทัก DM | F11: ประกาศจากคณะให้กรอกแบบประเมินรายวิชาในระบบทางการ | G11: 10 | H11: เดิม
A12: 13 | B12: ขอเลขบัญชีพร้อมเพย์หน่อยครับ จะโอนค่าชีท 😅 | C12: normal | D12: none | E12: ขอเลขบัญชีพร้อมเพย์หน่อยครับ จะโอนค่าชีท 😅 | F12: ขอเลขบัญชีพร้อมเพย์หน่อยครับ จะโอนค่าชีท | G12: 12 | H12: เดิม
A13: 14 | B13: ขายหนังสือ SC135 มือสอง นัดรับ หอสมุดป๋วย ได้ verify pls | C13: normal | D13: none | E13: ขายหนังสือ SC135 มือสอง นัดรับ หอสมุดป๋วย ได้ verify pls | F13: ขายหนังสือ SC# มือสอง นัดรับ หอสมุดป๋วย ได้ | G13: 13 | H13: เดิม
... A2081: 4565 | B2081: ใครถนัดตัดต่อวิดีโอบ้าง อยากขอคำแนะนำโปรแกรมฟรี 📢🤔 | C2081: normal | D2081: none | E2081: ใครถนัดตัดต่อวิดีโอบ้าง อยากขอคำแนะนำโปรแกรมฟรี 📢🤔 | F2081: ใครถนัดตัดต่อวิดีโอบ้าง อยากขอคำแนะนำโปรแกรมฟรี | G2081: 2133 | H2081: ใหม่-รอบ2

Sheet Validation
A1: id | B1: text | C1: label | D1: category | E1: clean_text | F1: group_key | G1: cluster_id | H1: source
A2: 24 | B2: ขายหนังสือ EL171 มือสอง นัดรับ หน้าโดม ได้ | C2: normal | D2: none | E2: ขายหนังสือ EL171 มือสอง นัดรับ หน้าโดม ได้ | F2: ขายหนังสือ EL# มือสอง นัดรับ หน้าโดม ได้ | G2: 23 | H2: เดิม
A3: 26 | B3: สโมสรนักศึกษาเก็บค่าลงทะเบียนสัมมนา 350 บาท โอนเข้าบัญชีส่วนตัวประธานได้เลย now | C3: scam | D3: tu | E3: สโมสรนักศึกษาเก็บค่าลงทะเบียนสัมมนา 350 บาท โอนเข้าบัญชีส่วนตัวประธานได้เลย now | F3: สโมสรนักศึกษาเก็บค่าลงทะเบียนสัมมนา # บาท โอนเข้าบัญชีส่วนตัวประธานได้เลย | G3: 24 | H3: เดิม
A4: 30 | B4: คนขายให้โอนเข้าบัญชีชื่อไม่ตรงกับชื่อเฟซ 🔥💸 | C4: suspicious | D4: marketplace | E4: คนขายให้โอนเข้าบัญชีชื่อไม่ตรงกับชื่อเฟซ 🔥💸 | F4: คนขายให้โอนเข้าบัญชีชื่อไม่ตรงกับชื่อเฟซ | G4: 28 | H4: เดิม
A5: 42 | B5: มีคนขายiPad มือสองในกลุ่ม ไม่มีรูปของจริง มีแต่รูปจากเน็ต 💸⚠️ | C5: suspicious | D5: marketplace | E5: มีคนขายiPad มือสองในกลุ่ม ไม่มีรูปของจริง มีแต่รูปจากเน็ต 💸⚠️ | F5: มีคนขายiPad มือสองในกลุ่ม ไม่มีรูปของจริง มีแต่รูปจากเน็ต | G5: 40 | H5: เดิม
A6: 48 | B6: มีใครขายชีท SC135 บ้างครับ 😅 | C6: normal | D6: none | E6: มีใครขายชีท SC135 บ้างครับ 😅 | F6: มีใครขายชีท SC# บ้างครับ | G6: 46 | H6: เดิม
A7: 50 | B7: คุณได้รับเงินคืนค่าธรรมเนียมการศึกษา 200 บาท กดรับที่ refund-tu.example.invalid line: @fakeid | C7: scam | D7: refund | E7: คุณได้รับเงินคืนค่าธรรมเนียมการศึกษา 200 บาท กดรับที่ [URL] [LINE_ID] | F7: คุณได้รับเงินคืนค่าธรรมเนียมการศึกษา # บาท กดรับที่ <M> | G7: 48 | H7: เดิม
A8: 60 | B8: ขายหนังสือ TU100 มือสอง นัดรับ BRT ได้ 🙏✅ | C8: normal | D8: none | E8: ขายหนังสือ TU100 มือสอง นัดรับ BRT ได้ 🙏✅ | F8: ขายหนังสือ TU# มือสอง นัดรับ BRT ได้ | G8: 23 | H8: เดิม
A9: 77 | B9: ขายหนังสือ CS251 มือสอง นัดรับ BRT ได้ 👍📌 | C9: normal | D9: none | E9: ขายหนังสือ CS251 มือสอง นัดรับ BRT ได้ 👍📌 | F9: ขายหนังสือ CS# มือสอง นัดรับ BRT ได้ | G9: 23 | H9: เดิม
A10: 95 | B10: งานทะเบียนแจ้งว่าคุณยังไม่ยืนยันการลงทะเบียน ชำระ 800 บาทที่ example.invalid/verify 👍🔥 | C10: scam | D10: tu | E10: งานทะเบียนแจ้งว่าคุณยังไม่ยืนยันการลงทะเบียน ชำระ 800 บาทที่ [URL] 👍🔥 | F10: งานทะเบียนแจ้งว่าคุณยังไม่ยืนยันการลงทะเบียน ชำระ # บาทที่ <M> | G10: 77 | H10: เดิม
A11: 106 | B11: ผลสอบกลางภาค SC135 ออกแล้ว ดูคะแนนได้ที่ tu-portal.example.invalid/verify ด้วยรหัสนักศึกษา 👍 | C11: scam | D11: phishing | E11: ผลสอบกลางภาค SC135 ออกแล้ว ดูคะแนนได้ที่ [URL] ด้วยรหัสนักศึกษา 👍 | F11: ผลสอบกลางภาค SC# ออกแล้ว ดูคะแนนได้ที่ <M> ด้วยรหัสนักศึกษา | G11: 86 | H11: เดิม
A12: 112 | B12: ขายหนังสือ SC135 มือสอง นัดรับ คณะวิทย์ ได้ ⚠️ | C12: normal | D12: none | E12: ขายหนังสือ SC135 มือสอง นัดรับ คณะวิทย์ ได้ ⚠️ | F12: ขายหนังสือ SC# มือสอง นัดรับ คณะวิทย์ ได้ | G12: 23 | H12: เดิม
A13: 113 | B13: ทุนฉุกเฉินประจำปีนี้ประกาศผลแล้ว คุณผ่านการคัดเลือก กรอกเลขบัญชีเพื่อรับเงินที่ tu-scholar.example.invalid pls | C13: scam | D13: fake_scholarship | E13: ทุนฉุกเฉินประจำปีนี้ประกาศผลแล้ว คุณผ่านการคัดเลือก กรอกเลขบัญชีเพื่อรับเงินที่ [URL] pls | F13: ทุนฉุกเฉินประจำปีนี้ประกาศผลแล้ว คุณผ่านการคัดเลือก กรอกเลขบัญชีเพื่อรับเงินที่ <M> | G13: 90 | H13: เดิม
... A461: 4564 | B461: พรุ่งนี้มีกิจกรรมบริจาคเลือดที่หอประชุม ใครสะดวกไปด้วยกันนะ | C461: normal | D461: none | E461: พรุ่งนี้มีกิจกรรมบริจาคเลือดที่หอประชุม ใครสะดวกไปด้วยกันนะ | F461: พรุ่งนี้มีกิจกรรมบริจาคเลือดที่หอประชุม ใครสะดวกไปด้วยกันนะ | G461: 2132 | H461: ใหม่-รอบ2

Sheet Test
A1: id | B1: text | C1: label | D1: category | E1: clean_text | F1: group_key | G1: cluster_id | H1: source
A2: 2 | B2: มีคนขอรหัสยืนยัน บอกว่าเป็นแอดมินกลุ่ม ASAP | C2: suspicious | D2: otp | E2: มีคนขอรหัสยืนยัน บอกว่าเป็นแอดมินกลุ่ม ASAP | F2: มีคนขอรหัสยืนยัน บอกว่าเป็นแอดมินกลุ่ม | G2: 1 | H2: เดิม
A3: 12 | B3: ปล่อยรองเท้าวิ่ง ด่วนเพราะย้ายหอ โอนเต็มก่อน ไม่สะดวกเจอ 🔥💸 | C3: scam | D3: marketplace | E3: ปล่อยรองเท้าวิ่ง ด่วนเพราะย้ายหอ โอนเต็มก่อน ไม่สะดวกเจอ 🔥💸 | F3: ปล่อยรองเท้าวิ่ง ด่วนเพราะย้ายหอ โอนเต็มก่อน ไม่สะดวกเจอ | G3: 11 | H3: เดิม
A4: 15 | B4: TU Portalแจ้ง password ของคุณหมดอายุ เปลี่ยนรหัสใหม่ที่ forms.example.invalid/fake ด่วน 🚨🙏 | C4: scam | D4: phishing | E4: TU Portalแจ้ง password ของคุณหมดอายุ เปลี่ยนรหัสใหม่ที่ [URL] ด่วน 🚨🙏 | F4: TU Portalแจ้ง password ของคุณหมดอายุ เปลี่ยนรหัสใหม่ที่ <M> ด่วน | G4: 14 | H4: เดิม
A5: 17 | B5: ใครเจอบัตรนักศึกษาที่ หน้าโดม ทักมาหน่อยครับ pls | C5: normal | D5: none | E5: ใครเจอบัตรนักศึกษาที่ หน้าโดม ทักมาหน่อยครับ pls | F5: ใครเจอบัตรนักศึกษาที่ หน้าโดม ทักมาหน่อยครับ | G5: 16 | H5: เดิม
A6: 27 | B6: ขายiPad มือสอง ราคาดีมาก แต่โปรไฟล์คนขายเพิ่งสร้าง 👍‼️ | C6: suspicious | D6: marketplace | E6: ขายiPad มือสอง ราคาดีมาก แต่โปรไฟล์คนขายเพิ่งสร้าง 👍‼️ | F6: ขายiPad มือสอง ราคาดีมาก แต่โปรไฟล์คนขายเพิ่งสร้าง | G6: 25 | H6: เดิม
A7: 53 | B7: ใครเจอบัตรนักศึกษาที่ คณะวิทย์ ทักมาหน่อยครับ now | C7: normal | D7: none | E7: ใครเจอบัตรนักศึกษาที่ คณะวิทย์ ทักมาหน่อยครับ now | F7: ใครเจอบัตรนักศึกษาที่ คณะวิทย์ ทักมาหน่อยครับ | G7: 16 | H7: เดิม
A8: 55 | B8: คุณมียอดเงินคืนค้างอยู่ 1,200 บาท จะหมดอายุภายใน 48 ชม. กดรับ refund-tu.example.invalid ✅ | C8: scam | D8: refund | E8: คุณมียอดเงินคืนค้างอยู่ 1,200 บาท จะหมดอายุภายใน 48 ชม. กดรับ [URL] ✅ | F8: คุณมียอดเงินคืนค้างอยู่ # บาท จะหมดอายุภายใน # ชม# กดรับ <M> | G8: 51 | H8: เดิม
A9: 56 | B9: ใครเจอบัตรนักศึกษาที่ คณะวิทย์ ทักมาหน่อยครับ | C9: normal | D9: none | E9: ใครเจอบัตรนักศึกษาที่ คณะวิทย์ ทักมาหน่อยครับ | F9: ใครเจอบัตรนักศึกษาที่ คณะวิทย์ ทักมาหน่อยครับ | G9: 16 | H9: เดิม
A10: 58 | B10: ใครเจอบัตรนักศึกษาที่ โรงอาหารกลาง ทักมาหน่อยครับ ✅💬 inbox ได้ | C10: normal | D10: none | E10: ใครเจอบัตรนักศึกษาที่ โรงอาหารกลาง ทักมาหน่อยครับ ✅💬 inbox ได้ | F10: ใครเจอบัตรนักศึกษาที่ โรงอาหารกลาง ทักมาหน่อยครับ | G10: 16 | H10: เดิม
A11: 59 | B11: คนปล่อยหอให้โอนจองก่อนดูห้อง บอกว่าอยู่ต่างจังหวัด 🚨💸 | C11: suspicious | D11: marketplace | E11: คนปล่อยหอให้โอนจองก่อนดูห้อง บอกว่าอยู่ต่างจังหวัด 🚨💸 | F11: คนปล่อยหอให้โอนจองก่อนดูห้อง บอกว่าอยู่ต่างจังหวัด | G11: 53 | H11: เดิม
A12: 63 | B12: นัดรับหน้า หอสมุดป๋วย ได้ครับ สะดวกช่วงเย็น pls | C12: normal | D12: none | E12: นัดรับหน้า หอสมุดป๋วย ได้ครับ สะดวกช่วงเย็น pls | F12: นัดรับหน้า หอสมุดป๋วย ได้ครับ สะดวกช่วงเย็น | G12: 56 | H12: เดิม
A13: 67 | B13: นัดรับหน้า คณะวิทย์ ได้ครับ สะดวกช่วงเย็น ⚠️🔥 inbox ได้ | C13: normal | D13: none | E13: นัดรับหน้า คณะวิทย์ ได้ครับ สะดวกช่วงเย็น ⚠️🔥 inbox ได้ | F13: นัดรับหน้า คณะวิทย์ ได้ครับ สะดวกช่วงเย็น | G13: 56 | H13: เดิม
... A460: 4566 | B460: ร้านหนังสือในมอลดราคา 20% ทั้งร้านถึงสิ้นเดือน 🥺 | C460: normal | D460: none | E460: ร้านหนังสือในมอลดราคา 20% ทั้งร้านถึงสิ้นเดือน 🥺 | F460: ร้านหนังสือในมอลดราคา #% ทั้งร้านถึงสิ้นเดือน | G460: 2134 | H460: ใหม่-รอบ2
